{
  "center": [
    42.490750392033874,
    -83.26426142680855
  ],
  "size_meters": 8185,
  "bounds": {
    "north": 42.5275551287561,
    "south": 42.45394565531165,
    "east": -83.2143490102946,
    "west": -83.3141738433225
  }
}