{
  "center": [
    39.7392,
    -104.9903
  ],
  "size_meters": 5000.0,
  "bounds": {
    "north": 39.761683040147965,
    "south": 39.71671695985203,
    "east": -104.96106184529314,
    "west": -105.01953815470686
  }
}