{
  "center": [
    39.74,
    -104.98
  ],
  "size_meters": 2000.0,
  "bounds": {
    "north": 39.74899321605919,
    "south": 39.73100678394081,
    "east": -104.96830460235421,
    "west": -104.9916953976458
  }
}