{
  "center": [
    39.7392,
    -104.9903
  ],
  "size_meters": 2000.0,
  "bounds": {
    "north": 39.748193216059185,
    "south": 39.73020678394081,
    "east": -104.97860473811727,
    "west": -105.00199526188274
  }
}