{
  "center": [
    42.29808998301838,
    -83.71987718566037
  ],
  "size_meters": 500,
  "bounds": {
    "north": 42.30033828703318,
    "south": 42.29584167900358,
    "east": -83.71683751380985,
    "west": -83.72291685751088
  }
}